<?xml version="1.0" encoding="UTF-8"?>
<beans xmlns="http://www.springframework.org/schema/beans"
	xmlns:xsi="http://www.w3.org/2001/XMLSchema-instance"
	xmlns:context="http://www.springframework.org/schema/context"
	xsi:schemaLocation="http://www.springframework.org/schema/beans https://www.springframework.org/schema/beans/spring-beans.xsd
		http://www.springframework.org/schema/context http://www.springframework.org/schema/context/spring-context-4.3.xsd">
	
	<!-- Root Context: defines shared resources visible to all other web components -->
		
	<!-- 데이터 소스 설정 -->
	<bean id="dataSource" class="org.springframework.jdbc.datasource.DriverManagerDataSource">
		<property name="driverClassName" value="net.sf.log4jdbc.sql.jdbcapi.DriverSpy" />
		<property name="url" value="jdbc:log4jdbc:mysql://localhost:3306/goott7?useSSL=false" />
<!-- 		<property name="url" value="jdbc:log4jdbc:mysql://localhost:3306/goott7?serverTimezone=UTC" /> -->
		<property name="username" value="scott" />
		<property name="password" value="tiger" />
	</bean>
	
	<!-- sqlFactory 만들기 -->
	<bean id="sqlSessionFactoryBean" class="org.mybatis.spring.SqlSessionFactoryBean">
		<property name="dataSource" ref="dataSource" />
		<!-- classpath mapper 갖고 있는 패키지 알아서 찾아감 -->
		<property name="mapperLocations" value="classpath:mappers/**/*.xml" />
		<!-- 설정 정보 추가 -->
		<property name="configLocation" value="classpath:/mybatis-config.xml" />
	</bean>
	
	<bean id="sqlsession" class="org.mybatis.spring.SqlSessionTemplate" destroy-method="clearCache">
		<constructor-arg name="sqlSessionFactory" ref="sqlSessionFactoryBean"></constructor-arg>
	</bean>
	
	<context:component-scan base-package="company.blind.dao"/>
	
	<context:component-scan base-package="company.blind.service"/>
	
	
	
</beans>



