<?xml version="1.0" encoding="UTF-8"?>

<!DOCTYPE mapper
  PUBLIC "-//mybatis.org//DTD Mapper 3.0//EN"
  "http://mybatis.org/dtd/mybatis-3-mapper.dtd">
  
<mapper namespace="company.blind.dao.Go_MemberDAO">

	<insert id="inMem">
		insert into go_member (mem_id, mem_pwd, mem_email, mem_age_range, mem_birth, mem_gender, mem_phone, mem_level, mem_name, com_name)
		values (#{mem_id}, #{mem_pwd}, #{mem_email}, #{mem_age_range}, #{mem_birth}, #{mem_gender}, #{mem_phone}, #{mem_level}, #{mem_name}, #{com_name})
	</insert>

	<update id="upMem">
		update go_member
		set mem_id=#{mem_id}, mem_pwd=#{mem_pwd}, mem_email=#{mem_email}, mem_phone=#{mem_phone}
		where mem_num = #{mem_num}
	</update>

	<delete id="deMem">
		delete from go_member where mem_num=#{mem_num}
	</delete>
	
	<select id="getMem" resultType="company.blind.dto.Go_MemberDTO">
		select  * from go_member
		where mem_num = #{mem_num}
	</select>

	<select id="listMem" resultType="company.blind.dto.Go_MemberDTO">
		select * from go_member
	</select>
	
	<select id="listMemberByCom" resultType="company.blind.dto.Go_MemberDTO">
		select * from go_member
		where com_name=#{com_name}
	</select>
	

</mapper>